ID;Seminal_plasma_anti-Müllerian_hormone_AMH_pmolperL;Serum_total_testosterone_nmolperL;Serum_estradiol_nmolperL;Serum_sex_hormone-binding_globulin_SHBG_nmolperL;Serum_follicle-stimulating_hormone_FSH_IUperL;Serum_Luteinizing_hormone_LH_IUperL;Serum_inhibin_B_ngperL;Serum_anti-Müllerian_hormone_AMH_pmolperL
1;64;16.8;0.13;15;2.3;4.2;289;54
2;423;15;0.15;43;7.2;2.7;164;19
3;37;8.2;0.18;32;4.2;4.8;67;47
4;257;11.2;0.15;11;8.5;5.6;132;29
5;2203;11.9;0.14;18;2.6;2.1;139;68
6;521;10.2;0.15;26;4.9;1.1;188;31
7;228;14.1;0.18;28;3.8;4.8;91;31
8;32;14.7;0.13;31;4.4;5.5;160;43
9;4;9.1;0.14;27;4.3;1.4;115;23
10;43;8.6;0.17;26;6.7;5.3;69;12
11;69;18.4;0.15;30;3.35;3.46;197;14
12;1;12.8;0.14;23;3.36;2.24;194;44
13;131;25.8;0.18;39;4.68;8.9;194;38
14;1;11.4;0.16;16;8.39;3.06;58;10
15;5;23.9;0.14;33;5.78;2.58;129;29
16;304;17.4;0.15;24;1.69;2.1;139;43
17;323;15.9;0.13;22;5.001;4.18;231;28
18;389;29.1;0.16;60;5.94;4.17;158;35
19;52;25.1;0.19;36;14.2;10.3;118;28
20;40;16.4;0.12;23;2.45;5.69;162;46
21;27;12.4;0.13;21;6.02;5.04;89;24
22;1;28.4;0.22;31;6.35;4.15;108;28
23;2;12.8;0.14;15;2.76;3.84;139;26
24;37;4;0.14;7;4.68;3.32;170;30
25;248;13.3;0.14;32;4.94;2.8;154;85
26;62;11.2;0.17;11;3.8;3.9;110;92
27;2167;12.4;0.13;31;1.1;3.1;308;79
28;1;14.4;0.16;26;1.6;2.9;201;38
29;1;14.6;0.14;31;10.4;8.4;110;49
30;17;14.6;0.13;29;4.6;4.2;163;21
31;3;8.5;0.09;25;6.1;1.5;130;37
32;4;17.6;0.15;42;4.6;4.7;154;41
33;40;6.6;0.16;12;3.3;3.9;174;44
34;2762;10.6;0.14;23;4.6;5.8;170;73
35;229;16.4;0.16;33;4.1;3.5;154;44
36;59;9.5;0.13;24;8.1;5.3;116;18
37;1093;15.7;0.16;26;3.3;4.1;243;176
38;11;11.3;0.15;8;4.8;4.6;65;67
39;3440;16.9;0.13;29;1.6;2.1;258;51
40;7;12.3;0.14;15;2.5;7.4;179;34
41;1;13.8;0.14;22;3.7;4;208;55
42;538;16.3;0.15;23;3.5;3.3;185;61
43;144;13.9;0.15;17;2;2.6;248;51
44;40;18.2;0.14;38;4.5;2.8;173;66
45;999;16;0.16;37;4.7;3;170;30
46;56;11.3;0.14;23;5.9;5.6;124;33
47;12;11.7;0.11;20;4.4;2.7;125;17
48;29;14.2;0.14;36;3.8;5.6;201;34
49;34;16.9;0.13;36;2.3;3.1;298;65
50;243;12.2;0.15;29;4.4;1.8;184;26
51;437;14.5;0.14;25;3;1.9;179;92
52;1;24.2;0.14;24;11;4.6;74;33
53;271;9.2;0.12;13;2.8;2.81;213;45
54;1;17.2;0.14;21;3.9;9.2;139;21
55;53;19.1;0.13;32;4.2;4.2;196;58
56;256;9.5;0.11;20;1.5;0.9;237;54
57;32;29.3;0.2;42;4.7;7.4;171;33
58;19;19;0.13;39;2.5;5.2;216;125
59;2;21;0.11;41;3.8;2.5;199;51
60;28;30.3;0.15;31;4.8;5.5;251;129
61;271;20.9;0.15;33;2;3.5;195;21
62;206;20.5;0.1;60;2.6;2.6;405;74
63;8;12.5;0.09;22;1.1;2.1;254;108
64;8;20;0.13;24;3.9;7.2;138;39
65;34;18;0.11;31;1.5;4.4;377;66
66;40;30.5;0.19;37;3.1;5.3;192;55
67;290;18.9;0.1;30;2.7;3.1;207;46
68;2;20.4;0.13;40;4.1;3.8;188;42
69;69;29.5;0.17;42;1.9;4.1;269;69
70;58;12.3;0.1;36;4.1;1.4;239;38
71;221;29.5;0.11;51;9.1;5.1;221;50
72;16;34.5;0.17;40;4.2;3.3;289;67
73;415;28.4;0.15;61;2.1;2.8;382;53
74;76;31.8;0.15;37;5.6;4.4;227;53
75;24;19.3;0.15;42;2.3;4.3;269;81
76;8;21.5;0.12;30;8.5;5.7;118;56
77;119;25.5;0.14;46;1;3.4;268;69
78;1674;24.3;0.14;48;5.8;3.8;190;113
79;235;27.6;0.2;46;1.8;2.3;291;52
80;3;13.2;0.16;20;6.5;2.9;96;32
81;15;24.4;0.12;43;4.7;3.7;206;48
82;7;28.9;0.14;52;6.9;3.5;172;32
83;79;21.2;0.11;31;1.7;4;263;70
84;31;34.5;0.13;63;2.3;3.7;200;37
85;4105;14.1;0.1;49;5.8;6.9;205;21
