ID;Abstinence_days;bmi_kg/m²;Age_years
1;4.0;32.5;36
2;4.0;33.7;61
3;2.0;62.7;51
4;2.5;45.5;38
5;3.0;51.0;33
6;20.0;47.9;50
7;5.0;41.4;45
8;3.0;40.8;28
9;7.0;41.8;59
10;2.5;54.2;47
11;3.0;28.8;41
12;3.5;29.8;30
13;1.0;28.1;44
14;3.0;34.7;40
15;4.0;30.9;39
16;6.0;31.2;23
17;3.0;29.7;36
18;6.0;29.4;32
19;3.0;31.7;46
20;3.0;34.4;27
21;4.0;36.2;33
22;1.0;29.2;30
23;2.0;31.8;24
24;NaN;34.1;50
25;3.5;29.1;48
26;3.0;33.2;30
27;4.0;29.3;34
28;3.5;45.0;34
29;2.0;27.9;45
30;4.0;31.7;31
31;6.0;27.5;48
32;5.0;29.8;42
33;3.0;31.5;39
34;5.0;28.9;36
35;7.0;27.2;35
36;3.0;36.4;50
37;3.0;33.7;31
38;3.0;34.6;32
39;2.0;31.4;41
40;3.0;30.0;29
41;3.0;35.8;43
42;3.0;27.5;43
43;3.0;31.3;32
44;2.5;27.4;41
45;6.0;34.0;47
46;3.0;30.5;59
47;4.0;29.3;59
48;3.0;33.7;33
49;1.0;34.2;23
50;2.5;27.6;57
51;3.0;30.0;29
52;2.5;29.1;32
53;5.0;36.2;38
54;2.5;28.8;33
55;4.0;27.4;42
56;3.0;31.7;41
57;2.5;23.5;27
58;4.0;26.6;22
59;4.0;18.8;25
60;3.0;20.8;27
61;3.0;23.0;36
62;2.5;24.5;51
63;7.0;22.0;26
64;3.0;23.1;25
65;3.0;26.4;30
66;5.5;19.8;25
67;6.0;23.7;29
68;2.0;25.9;27
69;6.0;24.6;27
70;5.0;19.2;28
71;4.0;22.4;31
72;3.5;19.9;27
73;7.0;21.4;50
74;4.0;20.3;30
75;2.5;23.4;24
76;4.0;25.8;30
77;3.0;22.7;24
78;7.0;24.6;39
79;4.0;23.6;30
80;9.0;25.0;35
81;4.5;24.5;34
82;0.5;22.1;25
83;2.0;24.9;28
84;3.0;25.7;28
85;3.0;28.2;58
